Citizen_ID,Income_Tier,Scheme_Eligibility,Scheme_Amount,Last_Claim_Date,Region_Code,Account_Status,Aadhaar_Linked,Claim_Count
322651194174,Low,Pension,2000,26-01-2024,MP-11,Active,TRUE,3
471464053117,Low,Health,5000,06-03-2025,GJ-06,Active,TRUE,0
247760979123,Low,Health,5000,06-09-2024,RJ-06,Active,TRUE,4
589234761829,Medium,Education,3000,15-02-2025,UP-12,Active,TRUE,2
123456789012,Low,Pension,2000,10-01-2024,MH-01,Active,TRUE,5
234567890123,Low,Health,5000,20-03-2025,DL-07,Inactive,FALSE,1
345678901234,Medium,Education,3000,05-04-2024,KA-08,Active,TRUE,3
456789012345,Low,Pension,2000,12-02-2025,TN-09,Active,TRUE,2
567890123456,Low,Health,5000,18-05-2024,WB-10,Active,FALSE,4
678901234567,Medium,Education,3000,22-06-2025,AP-11,Inactive,TRUE,0
789012345678,Low,Pension,2000,30-07-2024,TS-12,Active,TRUE,5
890123456789,Low,Health,5000,14-08-2025,HR-13,Active,TRUE,1
901234567890,Medium,Education,3000,25-09-2024,PB-14,Active,FALSE,3
112233445566,Low,Pension,2000,03-10-2025,BR-15,Active,TRUE,2
223344556677,Low,Health,5000,11-11-2024,OR-16,Inactive,TRUE,4
334455667788,Medium,Education,3000,19-12-2025,JH-17,Active,TRUE,0
445566778899,Low,Pension,2000,27-01-2025,AS-18,Active,FALSE,5
556677889900,Low,Health,5000,04-02-2024,CG-19,Active,TRUE,1
667788990011,Medium,Education,3000,12-03-2025,UK-20,Inactive,TRUE,3
778899001122,Low,Pension,2000,20-04-2024,HP-21,Active,TRUE,2
889900112233,Low,Health,5000,28-05-2025,JK-22,Active,FALSE,4
990011223344,Medium,Education,3000,05-06-2024,GA-23,Active,TRUE,0
101112131415,Low,Pension,2000,13-07-2025,MN-24,Inactive,TRUE,5
202122232425,Low,Health,5000,21-08-2024,ML-25,Active,TRUE,1
303132333435,Medium,Education,3000,29-09-2025,NL-26,Active,FALSE,3
404142434445,Low,Pension,2000,06-10-2024,MZ-27,Active,TRUE,2
505152535455,Low,Health,5000,14-11-2025,SK-28,Inactive,TRUE,4
606162636465,Medium,Education,3000,22-12-2024,TR-29,Active,TRUE,0
707172737475,Low,Pension,2000,30-01-2025,AR-30,Active,FALSE,5
808182838485,Low,Health,5000,07-02-2024,MP-02,Active,TRUE,1
909192939495,Medium,Education,3000,15-03-2025,GJ-03,Inactive,TRUE,3
111213141516,Low,Pension,2000,23-04-2024,RJ-04,Active,TRUE,2
212223242526,Low,Health,5000,01-05-2025,UP-05,Active,FALSE,4
313233343536,Medium,Education,3000,09-06-2024,MH-06,Active,TRUE,0
414243444546,Low,Pension,2000,17-07-2025,DL-08,Inactive,TRUE,5
515253545556,Low,Health,5000,25-08-2024,KA-09,Active,TRUE,1
616263646566,Medium,Education,3000,02-09-2025,TN-10,Active,FALSE,3
717273747576,Low,Pension,2000,10-10-2024,WB-11,Active,TRUE,2
818283848586,Low,Health,5000,18-11-2025,AP-12,Inactive,TRUE,4
919293949596,Medium,Education,3000,26-12-2024,TS-13,Active,TRUE,0
121314151617,Low,Pension,2000,03-01-2025,HR-14,Active,FALSE,5
221324251627,Low,Health,5000,11-02-2024,PB-15,Active,TRUE,1
321334351637,Medium,Education,3000,19-03-2025,BR-16,Inactive,TRUE,3
421344451647,Low,Pension,2000,27-04-2024,OR-17,Active,TRUE,2
521354551657,Low,Health,5000,05-05-2025,JH-18,Active,FALSE,4
621364651667,Medium,Education,3000,13-06-2024,AS-19,Active,TRUE,0
721374751677,Low,Pension,2000,21-07-2025,CG-20,Inactive,TRUE,5
821384851687,Low,Health,5000,29-08-2024,UK-21,Active,TRUE,1
921394951697,Medium,Education,3000,06-09-2025,HP-22,Active,FALSE,3
131415161718,Low,Pension,2000,14-10-2024,JK-23,Active,TRUE,2
231425261728,Low,Health,5000,22-11-2025,GA-24,Inactive,TRUE,4
331435361738,Medium,Education,3000,30-12-2024,MN-25,Active,TRUE,0
431445461748,Low,Pension,2000,07-01-2025,ML-26,Active,FALSE,5
531455561758,Low,Health,5000,15-02-2024,NL-27,Active,TRUE,1
631465661768,Medium,Education,3000,23-03-2025,MZ-28,Inactive,TRUE,3
731475761778,Low,Pension,2000,01-04-2024,SK-29,Active,TRUE,2
831485861788,Low,Health,5000,09-05-2025,TR-30,Active,FALSE,4
931495961798,Medium,Education,3000,17-06-2024,AR-01,Active,TRUE,0
141516171819,Low,Pension,2000,25-07-2025,MP-03,Inactive,TRUE,5
241526271829,Low,Health,5000,02-08-2024,GJ-04,Active,TRUE,1
341536371839,Medium,Education,3000,10-09-2025,RJ-05,Active,FALSE,3
441546471849,Low,Pension,2000,18-10-2024,UP-07,Active,TRUE,2
541556571859,Low,Health,5000,26-11-2025,MH-08,Inactive,TRUE,4
641566671869,Medium,Education,3000,04-12-2024,DL-09,Active,TRUE,0
741576771879,Low,Pension,2000,12-01-2025,KA-10,Active,FALSE,5
841586871889,Low,Health,5000,20-02-2024,TN-11,Active,TRUE,1
941596971899,Medium,Education,3000,28-03-2025,WB-12,Inactive,TRUE,3
151617181920,Low,Pension,2000,06-04-2024,AP-13,Active,TRUE,2
251627282930,Low,Health,5000,14-05-2025,TS-14,Active,FALSE,4
351637383940,Medium,Education,3000,22-06-2024,HR-15,Active,TRUE,0
451647484950,Low,Pension,2000,30-07-2025,PB-16,Inactive,TRUE,5
551657585960,Low,Health,5000,07-08-2024,BR-17,Active,TRUE,1
651667686970,Medium,Education,3000,15-09-2025,OR-18,Active,FALSE,3
751677787980,Low,Pension,2000,23-10-2024,JH-19,Active,TRUE,2
851687888990,Low,Health,5000,01-11-2025,AS-20,Inactive,TRUE,4
951697989900,Medium,Education,3000,09-12-2024,CG-21,Active,TRUE,0
161718192021,Low,Pension,2000,17-01-2025,UK-22,Active,FALSE,5
261728293031,Low,Health,5000,25-02-2024,HP-23,Active,TRUE,1
361738393041,Medium,Education,3000,05-03-2025,JK-24,Inactive,TRUE,3
461748494051,Low,Pension,2000,13-04-2024,GA-25,Active,TRUE,2
561758595061,Low,Health,5000,21-05-2025,MN-26,Active,FALSE,4
661768696071,Medium,Education,3000,29-06-2024,ML-27,Active,TRUE,0
761778797081,Low,Pension,2000,07-07-2025,NL-28,Inactive,TRUE,5
861788898091,Low,Health,5000,15-08-2024,MZ-29,Active,TRUE,1
961798999001,Medium,Education,3000,23-09-2025,SK-30,Active,FALSE,3
171819202122,Low,Pension,2000,01-10-2024,TR-01,Active,TRUE,2
271829303132,Low,Health,5000,09-11-2025,AR-02,Inactive,TRUE,4
371839403142,Medium,Education,3000,17-12-2024,MP-04,Active,TRUE,0
471849503152,Low,Pension,2000,25-01-2025,GJ-05,Active,FALSE,5
571859603162,Low,Health,5000,02-02-2024,RJ-07,Active,TRUE,1
671869703172,Medium,Education,3000,10-03-2025,UP-08,Inactive,TRUE,3
771879803182,Low,Pension,2000,18-04-2024,MH-09,Active,TRUE,2
871889903192,Low,Health,5000,26-05-2025,DL-10,Active,FALSE,4
971899903102,Medium,Education,3000,04-06-2024,KA-11,Active,TRUE,0
181920212223,Low,Pension,2000,12-07-2025,TN-12,Inactive,TRUE,5
281930313233,Low,Health,5000,20-08-2024,WB-13,Active,TRUE,1
381940414243,Medium,Education,3000,28-09-2025,AP-14,Active,FALSE,3
481950514253,Low,Pension,2000,06-10-2024,TS-15,Active,TRUE,2
581960614263,Low,Health,5000,14-11-2025,HR-16,Inactive,TRUE,4
681970714273,Medium,Education,3000,22-12-2024,PB-17,Active,TRUE,0
781980814283,Low,Pension,2000,30-01-2025,BR-18,Active,FALSE,5
881990914293,Low,Health,5000,07-02-2024,OR-19,Active,TRUE,1
982000014203,Medium,Education,3000,15-03-2025,JH-20,Inactive,TRUE,3
192021222324,Low,Pension,2000,23-04-2024,AS-21,Active,TRUE,2
292031323334,Low,Health,5000,01-05-2025,CG-22,Active,FALSE,4
392041423344,Medium,Education,3000,09-06-2024,UK-23,Active,TRUE,0
492051523354,Low,Pension,2000,17-07-2025,HP-24,Inactive,TRUE,5
592061623364,Low,Health,5000,25-08-2024,JK-25,Active,TRUE,1
692071723374,Medium,Education,3000,02-09-2025,GA-26,Active,FALSE,3
792081823384,Low,Pension,2000,10-10-2024,MN-27,Active,TRUE,2
892091923394,Low,Health,5000,18-11-2025,ML-28,Inactive,TRUE,4
992101023304,Medium,Education,3000,26-12-2024,NL-29,Active,TRUE,0
102122232425,Low,Pension,2000,03-01-2025,MZ-30,Active,FALSE,5
202132333435,Low,Health,5000,11-02-2024,SK-01,Active,TRUE,1
302142433445,Medium,Education,3000,19-03-2025,TR-02,Inactive,TRUE,3
402152533455,Low,Pension,2000,27-04-2024,AR-03,Active,TRUE,2
502162633465,Low,Health,5000,05-05-2025,MP-05,Active,FALSE,4
602172733475,Medium,Education,3000,13-06-2024,GJ-07,Active,TRUE,0
702182833485,Low,Pension,2000,21-07-2025,RJ-08,Inactive,TRUE,5
802192933495,Low,Health,5000,29-08-2024,UP-09,Active,TRUE,1
902203033405,Medium,Education,3000,06-09-2025,MH-10,Active,FALSE,3
112223242526,Low,Pension,2000,14-10-2024,DL-11,Active,TRUE,2
212233343536,Low,Health,5000,22-11-2025,KA-12,Inactive,TRUE,4
312243443546,Medium,Education,3000,30-12-2024,TN-13,Active,TRUE,0
412253543556,Low,Pension,2000,07-01-2025,WB-14,Active,FALSE,5
512263643566,Low,Health,5000,15-02-2024,AP-15,Active,TRUE,1
612273743576,Medium,Education,3000,23-03-2025,TS-16,Inactive,TRUE,3
712283843586,Low,Pension,2000,01-04-2024,HR-17,Active,TRUE,2
812293943596,Low,Health,5000,09-05-2025,PB-18,Active,FALSE,4
912304043506,Medium,Education,3000,17-06-2024,BR-19,Active,TRUE,0
122324252627,Low,Pension,2000,25-07-2025,OR-20,Inactive,TRUE,5
222334353637,Low,Health,5000,02-08-2024,JH-21,Active,TRUE,1
322344453647,Medium,Education,3000,10-09-2025,AS-22,Active,FALSE,3
422354553657,Low,Pension,2000,18-10-2024,CG-23,Active,TRUE,2
522364653667,Low,Health,5000,26-11-2025,UK-24,Inactive,TRUE,4
622374753677,Medium,Education,3000,04-12-2024,HP-25,Active,TRUE,0
722384853687,Low,Pension,2000,12-01-2025,JK-26,Active,FALSE,5
822394953697,Low,Health,5000,20-02-2024,GA-27,Active,TRUE,1
922405053607,Medium,Education,3000,28-03-2025,MN-28,Inactive,TRUE,3
132425262728,Low,Pension,2000,06-04-2024,ML-29,Active,TRUE,2
232435363738,Low,Health,5000,14-05-2025,NL-30,Active,FALSE,4
332445463748,Medium,Education,3000,22-06-2024,MZ-01,Active,TRUE,0
432455563758,Low,Pension,2000,30-07-2025,SK-02,Inactive,TRUE,5
532465663768,Low,Health,5000,07-08-2024,TR-03,Active,TRUE,1
632475763778,Medium,Education,3000,15-09-2025,AR-04,Active,FALSE,3
732485863788,Low,Pension,2000,23-10-2024,MP-06,Active,TRUE,2
832495963798,Low,Health,5000,01-11-2025,GJ-08,Inactive,TRUE,4
932506063708,Medium,Education,3000,09-12-2024,RJ-09,Active,TRUE,0
142526272829,Low,Pension,2000,17-01-2025,UP-10,Active,FALSE,5
242536373839,Low,Health,5000,25-02-2024,MH-11,Active,TRUE,1
342546473849,Medium,Education,3000,05-03-2025,DL-12,Inactive,TRUE,3
442556573859,Low,Pension,2000,13-04-2024,KA-13,Active,TRUE,2
542566673869,Low,Health,5000,21-05-2025,TN-14,Active,FALSE,4
642576773879,Medium,Education,3000,29-06-2024,WB-15,Active,TRUE,0
742586873889,Low,Pension,2000,07-07-2025,AP-16,Inactive,TRUE,5
842596973899,Low,Health,5000,15-08-2024,TS-17,Active,TRUE,1
942607073809,Medium,Education,3000,23-09-2025,HR-18,Active,FALSE,3
152627282930,Low,Pension,2000,01-10-2024,PB-19,Active,TRUE,2
252637383940,Low,Health,5000,09-11-2025,BR-20,Inactive,TRUE,4
352647483950,Medium,Education,3000,17-12-2024,OR-21,Active,TRUE,0
452657583960,Low,Pension,2000,25-01-2025,JH-22,Active,FALSE,5
552667683970,Low,Health,5000,02-02-2024,AS-23,Active,TRUE,1
652677783980,Medium,Education,3000,10-03-2025,CG-24,Inactive,TRUE,3
752687883990,Low,Pension,2000,18-04-2024,UK-25,Active,TRUE,2
852697983900,Low,Health,5000,26-05-2025,HP-26,Active,FALSE,4
952708083910,Medium,Education,3000,04-06-2024,JK-27,Active,TRUE,0
162728293031,Low,Pension,2000,12-07-2025,GA-28,Inactive,TRUE,5
262738393041,Low,Health,5000,20-08-2024,MN-29,Active,TRUE,1
362748493051,Medium,Education,3000,28-09-2025,ML-30,Active,FALSE,3
462758593061,Low,Pension,2000,06-10-2024,NL-01,Active,TRUE,2
562768693071,Low,Health,5000,14-11-2025,MZ-02,Inactive,TRUE,4
662778793081,Medium,Education,3000,22-12-2024,SK-03,Active,TRUE,0
762788893091,Low,Pension,2000,30-01-2025,TR-04,Active,FALSE,5
862798993001,Low,Health,5000,07-02-2024,AR-05,Active,TRUE,1
962809093011,Medium,Education,3000,15-03-2025,MP-07,Inactive,TRUE,3
172829303132,Low,Pension,2000,23-04-2024,GJ-09,Active,TRUE,2
272839403142,Low,Health,5000,01-05-2025,RJ-10,Active,FALSE,4
372849503152,Medium,Education,3000,09-06-2024,UP-11,Active,TRUE,0
472859603162,Low,Pension,2000,17-07-2025,MH-12,Inactive,TRUE,5
572869703172,Low,Health,5000,25-08-2024,DL-13,Active,TRUE,1
672879803182,Medium,Education,3000,02-09-2025,KA-14,Active,FALSE,3
772889903192,Low,Pension,2000,10-10-2024,TN-15,Active,TRUE,2
872899903102,Low,Health,5000,18-11-2025,WB-16,Inactive,TRUE,4
972910003112,Medium,Education,3000,26-12-2024,AP-17,Active,TRUE,0
182930313233,Low,Pension,2000,03-01-2025,TS-18,Active,FALSE,5
282940413243,Low,Health,5000,11-02-2024,HR-19,Active,TRUE,1
382950513253,Medium,Education,3000,19-03-2025,PB-20,Inactive,TRUE,3
482960613263,Low,Pension,2000,27-04-2024,BR-21,Active,TRUE,2
582970713273,Low,Health,5000,05-05-2025,OR-22,Active,FALSE,4
682980813283,Medium,Education,3000,13-06-2024,JH-23,Active,TRUE,0
782990913293,Low,Pension,2000,21-07-2025,AS-24,Inactive,TRUE,5
883001013203,Low,Health,5000,29-08-2024,CG-25,Active,TRUE,1
983011113213,Medium,Education,3000,06-09-2025,UK-26,Active,FALSE,3
193031323334,Low,Pension,2000,14-10-2024,HP-27,Active,TRUE,2
293041423344,Low,Health,5000,22-11-2025,JK-28,Inactive,TRUE,4
393051523354,Medium,Education,3000,30-12-2024,GA-29,Active,TRUE,0
493061623364,Low,Pension,2000,07-01-2025,MN-30,Active,FALSE,5
593071723374,Low,Health,5000,15-02-2024,ML-01,Active,TRUE,1
693081823384,Medium,Education,3000,23-03-2025,NL-02,Inactive,TRUE,3
793091923394,Low,Pension,2000,01-04-2024,MZ-03,Active,TRUE,2
893102023304,Low,Health,5000,09-05-2025,SK-04,Active,FALSE,4
993112123314,Medium,Education,3000,17-06-2024,TR-05,Active,TRUE,0
103132333435,Low,Pension,2000,25-07-2025,AR-06,Inactive,TRUE,5
203142433445,Low,Health,5000,02-08-2024,MP-08,Active,TRUE,1
303152533455,Medium,Education,3000,10-09-2025,GJ-10,Active,FALSE,3
403162633465,Low,Pension,2000,18-10-2024,RJ-11,Active,TRUE,2
503172733475,Low,Health,5000,26-11-2025,UP-12,Inactive,TRUE,4
603182833485,Medium,Education,3000,04-12-2024,MH-13,Active,TRUE,0
703192933495,Low,Pension,2000,12-01-2025,DL-14,Active,FALSE,5
803203033405,Low,Health,5000,20-02-2024,KA-15,Active,TRUE,1
903213133415,Medium,Education,3000,28-03-2025,TN-16,Inactive,TRUE,3
113233343536,Low,Pension,2000,06-04-2024,WB-17,Active,TRUE,2
213243443546,Low,Health,5000,14-05-2025,AP-18,Active,FALSE,4
313253543556,Medium,Education,3000,22-06-2024,TS-19,Active,TRUE,0
413263643566,Low,Pension,2000,30-07-2025,HR-20,Inactive,TRUE,5
513273743576,Low,Health,5000,07-08-2024,PB-21,Active,TRUE,1
613283843586,Medium,Education,3000,15-09-2025,BR-22,Active,FALSE,3
713293943596,Low,Pension,2000,23-10-2024,OR-23,Active,TRUE,2
813304043506,Low,Health,5000,01-11-2025,JH-24,Inactive,TRUE,4
913314143516,Medium,Education,3000,09-12-2024,AS-25,Active,TRUE,0
123334353637,Low,Pension,2000,17-01-2025,CG-26,Active,FALSE,5
223344453647,Low,Health,5000,25-02-2024,UK-27,Active,TRUE,1
323354553657,Medium,Education,3000,05-03-2025,HP-28,Inactive,TRUE,3
423364653667,Low,Pension,2000,13-04-2024,JK-29,Active,TRUE,2
523374753677,Low,Health,5000,21-05-2025,GA-30,Active,FALSE,4
623384853687,Medium,Education,3000,29-06-2024,MN-01,Active,TRUE,0
723394953697,Low,Pension,2000,07-07-2025,ML-02,Inactive,TRUE,5
823405053607,Low,Health,5000,15-08-2024,NL-03,Active,TRUE,1
923415153617,Medium,Education,3000,23-09-2025,MZ-04,Active,FALSE,3
133435363738,Low,Pension,2000,01-10-2024,SK-05,Active,TRUE,2
233445463748,Low,Health,5000,09-11-2025,TR-06,Inactive,TRUE,4
333455563758,Medium,Education,3000,17-12-2024,AR-07,Active,TRUE,0
433465663768,Low,Pension,2000,25-01-2025,MP-09,Active,FALSE,5
533475763778,Low,Health,5000,02-02-2024,GJ-11,Active,TRUE,1
633485863788,Medium,Education,3000,10-03-2025,RJ-12,Inactive,TRUE,3
733495963798,Low,Pension,2000,18-04-2024,UP-13,Active,TRUE,2
833506063708,Low,Health,5000,26-05-2025,MH-14,Active,FALSE,4
933516163718,Medium,Education,3000,04-06-2024,DL-15,Active,TRUE,0
143536373839,Low,Pension,2000,12-07-2025,KA-16,Inactive,TRUE,5
243546473849,Low,Health,5000,20-08-2024,TN-17,Active,TRUE,1
343556573859,Medium,Education,3000,28-09-2025,WB-18,Active,FALSE,3
443566673869,Low,Pension,2000,06-10-2024,AP-19,Active,TRUE,2
543576773879,Low,Health,5000,14-11-2025,TS-20,Inactive,TRUE,4
643586873889,Medium,Education,3000,22-12-2024,HR-21,Active,TRUE,0
743596973899,Low,Pension,2000,30-01-2025,PB-22,Active,FALSE,5
843607073809,Low,Health,5000,07-02-2024,BR-23,Active,TRUE,1
943617173819,Medium,Education,3000,15-03-2025,OR-24,Inactive,TRUE,3
153637383940,Low,Pension,2000,23-04-2024,JH-25,Active,TRUE,2
253647483950,Low,Health,5000,01-05-2025,AS-26,Active,FALSE,4
353657583960,Medium,Education,3000,09-06-2024,CG-27,Active,TRUE,0
453667683970,Low,Pension,2000,17-07-2025,UK-28,Inactive,TRUE,5
553677783980,Low,Health,5000,25-08-2024,HP-29,Active,TRUE,1
653687883990,Medium,Education,3000,02-09-2025,JK-30,Active,FALSE,3
753697983900,Low,Pension,2000,10-10-2024,GA-01,Active,TRUE,2
853708083910,Low,Health,5000,18-11-2025,MN-02,Inactive,TRUE,4
953718183920,Medium,Education,3000,26-12-2024,ML-03,Active,TRUE,0
163738393041,Low,Pension,2000,03-01-2025,NL-04,Active,FALSE,5
263748493051,Low,Health,5000,11-02-2024,MZ-05,Active,TRUE,1
363758593061,Medium,Education,3000,19-03-2025,SK-06,Inactive,TRUE,3
463768693071,Low,Pension,2000,27-04-2024,TR-07,Active,TRUE,2
563778793081,Low,Health,5000,05-05-2025,AR-08,Active,FALSE,4
663788893091,Medium,Education,3000,13-06-2024,MP-10,Active,TRUE,0
763798993001,Low,Pension,2000,21-07-2025,GJ-12,Inactive,TRUE,5
863809093011,Low,Health,5000,29-08-2024,RJ-13,Active,TRUE,1
963819193021,Medium,Education,3000,06-09-2025,UP-14,Active,FALSE,3
173839403142,Low,Pension,2000,14-10-2024,MH-15,Active,TRUE,2
273849503152,Low,Health,5000,22-11-2025,DL-16,Inactive,TRUE,4
373859603162,Medium,Education,3000,30-12-2024,KA-17,Active,TRUE,0
473869703172,Low,Pension,2000,07-01-2025,TN-18,Active,FALSE,5
573879803182,Low,Health,5000,15-02-2024,WB-19,Active,TRUE,1
673889903192,Medium,Education,3000,23-03-2025,AP-20,Inactive,TRUE,3
773899903102,Low,Pension,2000,01-04-2024,TS-21,Active,TRUE,2
873910003112,Low,Health,5000,09-05-2025,HR-22,Active,FALSE,4
973920103122,Medium,Education,3000,17-06-2024,PB-23,Active,TRUE,0
183940413243,Low,Pension,2000,25-07-2025,BR-24,Inactive,TRUE,5
283950513253,Low,Health,5000,02-08-2024,OR-25,Active,TRUE,1
383960613263,Medium,Education,3000,10-09-2025,JH-26,Active,FALSE,3
483970713273,Low,Pension,2000,18-10-2024,AS-27,Active,TRUE,2
583980813283,Low,Health,5000,26-11-2025,CG-28,Inactive,TRUE,4
683990913293,Medium,Education,3000,04-12-2024,UK-29,Active,TRUE,0
784001013203,Low,Pension,2000,12-01-2025,HP-30,Active,FALSE,5
884011113213,Low,Health,5000,20-02-2024,JK-01,Active,TRUE,1
984021213223,Medium,Education,3000,28-03-2025,GA-02,Inactive,TRUE,3
194041423344,Low,Pension,2000,06-04-2024,MN-03,Active,TRUE,2
294051523354,Low,Health,5000,14-05-2025,ML-04,Active,FALSE,4
394061623364,Medium,Education,3000,22-06-2024,NL-05,Active,TRUE,0
494071723374,Low,Pension,2000,30-07-2025,MZ-06,Inactive,TRUE,5
594081823384,Low,Health,5000,07-08-2024,SK-07,Active,TRUE,1
694091923394,Medium,Education,3000,15-09-2025,TR-08,Active,FALSE,3
794102023304,Low,Pension,2000,23-10-2024,AR-09,Active,TRUE,2
894112123314,Low,Health,5000,01-11-2025,MP-11,Inactive,TRUE,4
994122223324,Medium,Education,3000,09-12-2024,GJ-13,Active,TRUE,0
104142433445,Low,Pension,2000,17-01-2025,RJ-14,Active,FALSE,5
204152533455,Low,Health,5000,25-02-2024,UP-15,Active,TRUE,1
304162633465,Medium,Education,3000,05-03-2025,MH-16,Inactive,TRUE,3
404172733475,Low,Pension,2000,13-04-2024,DL-17,Active,TRUE,2
504182833485,Low,Health,5000,21-05-2025,KA-18,Active,FALSE,4
604192933495,Medium,Education,3000,29-06-2024,TN-19,Active,TRUE,0
704203033405,Low,Pension,2000,07-07-2025,WB-20,Inactive,TRUE,5
804213133415,Low,Health,5000,15-08-2024,AP-21,Active,TRUE,1
904223233425,Medium,Education,3000,23-09-2025,TS-22,Active,FALSE,3
114243443546,Low,Pension,2000,01-10-2024,HR-23,Active,TRUE,2
214253543556,Low,Health,5000,09-11-2025,PB-24,Inactive,TRUE,4
314263643566,Medium,Education,3000,17-12-2024,BR-25,Active,TRUE,0
414273743576,Low,Pension,2000,25-01-2025,OR-26,Active,FALSE,5
514283843586,Low,Health,5000,02-02-2024,JH-27,Active,TRUE,1
614293943596,Medium,Education,3000,10-03-2025,AS-28,Inactive,TRUE,3
714304043506,Low,Pension,2000,18-04-2024,CG-29,Active,TRUE,2
814314143516,Low,Health,5000,26-05-2025,UK-30,Active,FALSE,4
914324243526,Medium,Education,3000,04-06-2024,HP-01,Active,TRUE,0
124344453647,Low,Pension,2000,12-07-2025,JK-02,Inactive,TRUE,5
224354553657,Low,Health,5000,20-08-2024,GA-03,Active,TRUE,1
324364653667,Medium,Education,3000,28-09-2025,MN-04,Active,FALSE,3
424374753677,Low,Pension,2000,06-10-2024,ML-05,Active,TRUE,2
524384853687,Low,Health,5000,14-11-2025,NL-06,Inactive,TRUE,4
624394953697,Medium,Education,3000,22-12-2024,MZ-07,Active,TRUE,0
724405053607,Low,Pension,2000,30-01-2025,SK-08,Active,FALSE,5
824415153617,Low,Health,5000,07-02-2024,TR-09,Active,TRUE,1
924425253627,Medium,Education,3000,15-03-2025,AR-10,Inactive,TRUE,3
134445463748,Low,Pension,2000,23-04-2024,MP-12,Active,TRUE,2
234455563758,Low,Health,5000,01-05-2025,GJ-14,Active,FALSE,4
334465663768,Medium,Education,3000,09-06-2024,RJ-15,Active,TRUE,0
434475763778,Low,Pension,2000,17-07-2025,UP-16,Inactive,TRUE,5
534485863788,Low,Health,5000,25-08-2024,MH-17,Active,TRUE,1
634495963798,Medium,Education,3000,02-09-2025,DL-18,Active,FALSE,3
734506063708,Low,Pension,2000,10-10-2024,KA-19,Active,TRUE,2
834516163718,Low,Health,5000,18-11-2025,TN-20,Inactive,TRUE,4
934526263728,Medium,Education,3000,26-12-2024,WB-21,Active,TRUE,0
144546473849,Low,Pension,2000,03-01-2025,AP-22,Active,FALSE,5
244556573859,Low,Health,5000,11-02-2024,TS-23,Active,TRUE,1
344566673869,Medium,Education,3000,19-03-2025,HR-24,Inactive,TRUE,3
444576773879,Low,Pension,2000,27-04-2024,PB-25,Active,TRUE,2
544586873889,Low,Health,5000,05-05-2025,BR-26,Active,FALSE,4
644596973899,Medium,Education,3000,13-06-2024,OR-27,Active,TRUE,0
744607073809,Low,Pension,2000,21-07-2025,JH-28,Inactive,TRUE,5
844617173819,Low,Health,5000,29-08-2024,AS-29,Active,TRUE,1
944627273829,Medium,Education,3000,06-09-2025,CG-30,Active,FALSE,3
154647483950,Low,Pension,2000,14-10-2024,UK-01,Active,TRUE,2
254657583960,Low,Health,5000,22-11-2025,HP-02,Inactive,TRUE,4
354667683970,Medium,Education,3000,30-12-2024,JK-03,Active,TRUE,0
454677783980,Low,Pension,2000,07-01-2025,GA-04,Active,FALSE,5
554687883990,Low,Health,5000,15-02-2024,MN-05,Active,TRUE,1
654697983900,Medium,Education,3000,23-03-2025,ML-06,Inactive,TRUE,3
754708083910,Low,Pension,2000,01-04-2024,NL-07,Active,TRUE,2
854718183920,Low,Health,5000,09-05-2025,MZ-08,Active,FALSE,4
954728283930,Medium,Education,3000,17-06-2024,SK-09,Active,TRUE,0
164748493051,Low,Pension,2000,25-07-2025,TR-10,Inactive,TRUE,5
264758593061,Low,Health,5000,02-08-2024,AR-11,Active,TRUE,1
364768693071,Medium,Education,3000,10-09-2025,MP-13,Active,FALSE,3
464778793081,Low,Pension,2000,18-10-2024,GJ-15,Active,TRUE,2
564788893091,Low,Health,5000,26-11-2025,RJ-16,Inactive,TRUE,4
664798993001,Medium,Education,3000,04-12-2024,UP-17,Active,TRUE,0
764809093011,Low,Pension,2000,12-01-2025,MH-18,Active,FALSE,5
864819193021,Low,Health,5000,20-02-2024,DL-19,Active,TRUE,1
964829293031,Medium,Education,3000,28-03-2025,KA-20,Inactive,TRUE,3
174849503152,Low,Pension,2000,06-04-2024,TN-21,Active,TRUE,2
274859603162,Low,Health,5000,14-05-2025,WB-22,Active,FALSE,4
374869703172,Medium,Education,3000,22-06-2024,AP-23,Active,TRUE,0
474879803182,Low,Pension,2000,30-07-2025,TS-24,Inactive,TRUE,5
574889903192,Low,Health,5000,07-08-2024,HR-25,Active,TRUE,1
674899903102,Medium,Education,3000,15-09-2025,PB-26,Active,FALSE,3
774910003112,Low,Pension,2000,23-10-2024,BR-27,Active,TRUE,2
874920103122,Low,Health,5000,01-11-2025,OR-28,Inactive,TRUE,4
974930203132,Medium,Education,3000,09-12-2024,JH-29,Active,TRUE,0
184950413243,Low,Pension,2000,17-01-2025,AS-30,Active,FALSE,5
284960513253,Low,Health,5000,25-02-2024,CG-01,Active,TRUE,1
384970613263,Medium,Education,3000,05-03-2025,UK-02,Inactive,TRUE,3
484980713273,Low,Pension,2000,13-04-2024,HP-03,Active,TRUE,2
584990813283,Low,Health,5000,21-05-2025,JK-04,Active,FALSE,4
685000913293,Medium,Education,3000,29-06-2024,GA-05,Active,TRUE,0
785011013203,Low,Pension,2000,07-07-2025,MN-06,Inactive,TRUE,5
885021113213,Low,Health,5000,15-08-2024,ML-07,Active,TRUE,1
985031213223,Medium,Education,3000,23-09-2025,NL-08,Active,FALSE,3
195051423344,Low,Pension,2000,01-10-2024,MZ-09,Active,TRUE,2
295061523354,Low,Health,5000,09-11-2025,SK-10,Inactive,TRUE,4
395071623364,Medium,Education,3000,17-12-2024,TR-11,Active,TRUE,0
495081723374,Low,Pension,2000,25-01-2025,AR-12,Active,FALSE,5
595091823384,Low,Health,5000,02-02-2024,MP-14,Active,TRUE,1
695101923394,Medium,Education,3000,10-03-2025,GJ-16,Inactive,TRUE,3
795112023304,Low,Pension,2000,18-04-2024,RJ-17,Active,TRUE,2
895122123314,Low,Health,5000,26-05-2025,UP-18,Active,FALSE,4
995132223324,Medium,Education,3000,04-06-2024,MH-19,Active,TRUE,0
105152433445,Low,Pension,2000,12-07-2025,DL-20,Inactive,TRUE,5
205162533455,Low,Health,5000,20-08-2024,KA-21,Active,TRUE,1
305172633465,Medium,Education,3000,28-09-2025,TN-22,Active,FALSE,3
405182733475,Low,Pension,2000,06-10-2024,WB-23,Active,TRUE,2
505192833485,Low,Health,5000,14-11-2025,AP-24,Inactive,TRUE,4
605202933495,Medium,Education,3000,22-12-2024,TS-25,Active,TRUE,0
705213033405,Low,Pension,2000,30-01-2025,HR-26,Active,FALSE,5
805223133415,Low,Health,5000,07-02-2024,PB-27,Active,TRUE,1
905233233425,Medium,Education,3000,15-03-2025,BR-28,Inactive,TRUE,3
115253443546,Low,Pension,2000,23-04-2024,OR-29,Active,TRUE,2
215263543556,Low,Health,5000,01-05-2025,JH-30,Active,FALSE,4
315273643566,Medium,Education,3000,09-06-2024,AS-01,Active,TRUE,0
415283743576,Low,Pension,2000,17-07-2025,CG-02,Inactive,TRUE,5
515293843586,Low,Health,5000,25-08-2024,UK-03,Active,TRUE,1
615303943596,Medium,Education,3000,02-09-2025,HP-04,Active,FALSE,3
715314043506,Low,Pension,2000,10-10-2024,JK-05,Active,TRUE,2
815324143516,Low,Health,5000,18-11-2025,GA-06,Inactive,TRUE,4
915334243526,Medium,Education,3000,26-12-2024,MN-07,Active,TRUE,0
125354453647,Low,Pension,2000,03-01-2025,ML-08,Active,FALSE,5
225364553657,Low,Health,5000,11-02-2024,NL-09,Active,TRUE,1
325374653667,Medium,Education,3000,19-03-2025,MZ-10,Inactive,TRUE,3
425384753677,Low,Pension,2000,27-04-2024,SK-11,Active,TRUE,2
525394853687,Low,Health,5000,05-05-2025,TR-12,Active,FALSE,4
625404953697,Medium,Education,3000,13-06-2024,AR-13,Active,TRUE,0
725415053607,Low,Pension,2000,21-07-2025,MP-15,Inactive,TRUE,5
825425153617,Low,Health,5000,29-08-2024,GJ-17,Active,TRUE,1
925435253627,Medium,Education,3000,06-09-2025,RJ-18,Active,FALSE,3
135455463748,Low,Pension,2000,14-10-2024,UP-19,Active,TRUE,2
235465563758,Low,Health,5000,22-11-2025,MH-20,Inactive,TRUE,4
335475663768,Medium,Education,3000,30-12-2024,DL-21,Active,TRUE,0
435485763778,Low,Pension,2000,07-01-2025,KA-22,Active,FALSE,5
535495863788,Low,Health,5000,15-02-2024,TN-23,Active,TRUE,1
635505963798,Medium,Education,3000,23-03-2025,WB-24,Inactive,TRUE,3
735516063708,Low,Pension,2000,01-04-2024,AP-25,Active,TRUE,2
835526163718,Low,Health,5000,09-05-2025,TS-26,Active,FALSE,4
935536263728,Medium,Education,3000,17-06-2024,HR-27,Active,TRUE,0
145556473849,Low,Pension,2000,25-07-2025,PB-28,Inactive,TRUE,5
245566573859,Low,Health,5000,02-08-2024,BR-29,Active,TRUE,1
345576673869,Medium,Education,3000,10-09-2025,OR-30,Active,FALSE,3
445586773879,Low,Pension,2000,18-10-2024,JH-01,Active,TRUE,2
545596873889,Low,Health,5000,26-11-2025,AS-02,Inactive,TRUE,4
645606973899,Medium,Education,3000,04-12-2024,CG-03,Active,TRUE,0
745617073809,Low,Pension,2000,12-01-2025,UK-04,Active,FALSE,5
845627173819,Low,Health,5000,20-02-2024,HP-05,Active,TRUE,1
945637273829,Medium,Education,3000,28-03-2025,JK-06,Inactive,TRUE,3
155657483950,Low,Pension,2000,06-04-2024,GA-07,Active,TRUE,2
255667583960,Low,Health,5000,14-05-2025,MN-08,Active,FALSE,4
355677683970,Medium,Education,3000,22-06-2024,ML-09,Active,TRUE,0
455687783980,Low,Pension,2000,30-07-2025,NL-10,Inactive,TRUE,5
555697883990,Low,Health,5000,07-08-2024,MZ-11,Active,TRUE,1
655707983900,Medium,Education,3000,15-09-2025,SK-12,Active,FALSE,3
755718083910,Low,Pension,2000,23-10-2024,TR-13,Active,TRUE,2
855728183920,Low,Health,5000,01-11-2025,AR-14,Inactive,TRUE,4
955738283930,Medium,Education,3000,09-12-2024,MP-16,Active,TRUE,0
165758493051,Low,Pension,2000,17-01-2025,GJ-18,Active,FALSE,5
265768593061,Low,Health,5000,25-02-2024,RJ-19,Active,TRUE,1
365778693071,Medium,Education,3000,05-03-2025,UP-20,Inactive,TRUE,3
465788793081,Low,Pension,2000,13-04-2024,MH-21,Active,TRUE,2
565798893091,Low,Health,5000,21-05-2025,DL-22,Active,FALSE,4
665808993001,Medium,Education,3000,29-06-2024,KA-23,Active,TRUE,0
765819093011,Low,Pension,2000,07-07-2025,TN-24,Inactive,TRUE,5
865829193021,Low,Health,5000,15-08-2024,WB-25,Active,TRUE,1
965839293031,Medium,Education,3000,23-09-2025,AP-26,Active,FALSE,3
175859503152,Low,Pension,2000,01-10-2024,TS-27,Active,TRUE,2
275869603162,Low,Health,5000,09-11-2025,HR-28,Inactive,TRUE,4
375879703172,Medium,Education,3000,17-12-2024,PB-29,Active,TRUE,0
475889803182,Low,Pension,2000,25-01-2025,BR-30,Active,FALSE,5
575899903192,Low,Health,5000,02-02-2024,OR-01,Active,TRUE,1
675909903102,Medium,Education,3000,10-03-2025,JH-02,Inactive,TRUE,3
775920003112,Low,Pension,2000,18-04-2024,AS-03,Active,TRUE,2
875930103122,Low,Health,5000,26-05-2025,CG-04,Active,FALSE,4
975940203132,Medium,Education,3000,04-06-2024,UK-05,Active,TRUE,0
185960413243,Low,Pension,2000,12-07-2025,HP-06,Inactive,TRUE,5
285970513253,Low,Health,5000,20-08-2024,JK-07,Active,TRUE,1
385980613263,Medium,Education,3000,28-09-2025,GA-08,Active,FALSE,3
485990713273,Low,Pension,2000,06-10-2024,MN-09,Active,TRUE,2
586000813283,Low,Health,5000,14-11-2025,ML-10,Inactive,TRUE,4
686010913293,Medium,Education,3000,22-12-2024,NL-11,Active,TRUE,0
786021013203,Low,Pension,2000,30-01-2025,MZ-12,Active,FALSE,5
886031113213,Low,Health,5000,07-02-2024,SK-13,Active,TRUE,1
986041213223,Medium,Education,3000,15-03-2025,TR-14,Inactive,TRUE,3
196061423344,Low,Pension,2000,23-04-2024,AR-15,Active,TRUE,2
296071523354,Low,Health,5000,01-05-2025,MP-17,Active,FALSE,4
396081623364,Medium,Education,3000,09-06-2024,GJ-19,Active,TRUE,0
496091723374,Low,Pension,2000,17-07-2025,RJ-20,Inactive,TRUE,5
596101823384,Low,Health,5000,25-08-2024,UP-21,Active,TRUE,1
696111923394,Medium,Education,3000,02-09-2025,MH-22,Active,FALSE,3
796122023304,Low,Pension,2000,10-10-2024,DL-23,Active,TRUE,2
896132123314,Low,Health,5000,18-11-2025,KA-24,Inactive,TRUE,4
996142223324,Medium,Education,3000,26-12-2024,TN-25,Active,TRUE,0
106162433445,Low,Pension,2000,03-01-2025,WB-26,Active,FALSE,5
206172533455,Low,Health,5000,11-02-2024,AP-27,Active,TRUE,1
306182633465,Medium,Education,3000,19-03-2025,TS-28,Inactive,TRUE,3
406192733475,Low,Pension,2000,27-04-2024,HR-29,Active,TRUE,2
506202833485,Low,Health,5000,05-05-2025,PB-30,Active,FALSE,4
606212933495,Medium,Education,3000,13-06-2024,BR-01,Active,TRUE,0
706223033405,Low,Pension,2000,21-07-2025,OR-02,Inactive,TRUE,5
806233133415,Low,Health,5000,29-08-2024,JH-03,Active,TRUE,1
906243233425,Medium,Education,3000,06-09-2025,AS-04,Active,FALSE,3
116263443546,Low,Pension,2000,14-10-2024,CG-05,Active,TRUE,2
216273543556,Low,Health,5000,22-11-2025,UK-06,Inactive,TRUE,4
316283643566,Medium,Education,3000,30-12-2024,HP-07,Active,TRUE,0
416293743576,Low,Pension,2000,07-01-2025,JK-08,Active,FALSE,5
516303843586,Low,Health,5000,15-02-2024,GA-09,Active,TRUE,1
616313943596,Medium,Education,3000,23-03-2025,MN-10,Inactive,TRUE,3
716324043506,Low,Pension,2000,01-04-2024,ML-11,Active,TRUE,2
816334143516,Low,Health,5000,09-05-2025,NL-12,Active,FALSE,4
916344243526,Medium,Education,3000,17-06-2024,MZ-13,Active,TRUE,0
126364453647,Low,Pension,2000,25-07-2025,SK-14,Inactive,TRUE,5
226374553657,Low,Health,5000,02-08-2024,TR-15,Active,TRUE,1
326384653667,Medium,Education,3000,10-09-2025,AR-16,Active,FALSE,3
426394753677,Low,Pension,2000,18-10-2024,MP-18,Active,TRUE,2
526404853687,Low,Health,5000,26-11-2025,GJ-20,Inactive,TRUE,4
626414953697,Medium,Education,3000,04-12-2024,RJ-21,Active,TRUE,0
726425053607,Low,Pension,2000,12-01-2025,UP-22,Active,FALSE,5
826435153617,Low,Health,5000,20-02-2024,MH-23,Active,TRUE,1
926445253627,Medium,Education,3000,28-03-2025,DL-24,Inactive,TRUE,3
136465463748,Low,Pension,2000,06-04-2024,KA-25,Active,TRUE,2
236475563758,Low,Health,5000,14-05-2025,TN-26,Active,FALSE,4
336485663768,Medium,Education,3000,22-06-2024,WB-27,Active,TRUE,0
436495763778,Low,Pension,2000,30-07-2025,AP-28,Inactive,TRUE,5
536505863788,Low,Health,5000,07-08-2024,TS-29,Active,TRUE,1
636515963798,Medium,Education,3000,15-09-2025,HR-30,Active,FALSE,3
736526063708,Low,Pension,2000,23-10-2024,PB-01,Active,TRUE,2
836536163718,Low,Health,5000,01-11-2025,BR-02,Inactive,TRUE,4
936546263728,Medium,Education,3000,09-12-2024,OR-03,Active,TRUE,0
146566473849,Low,Pension,2000,17-01-2025,JH-04,Active,FALSE,5
246576573859,Low,Health,5000,25-02-2024,AS-05,Active,TRUE,1
346586673869,Medium,Education,3000,05-03-2025,CG-06,Inactive,TRUE,3
446596773879,Low,Pension,2000,13-04-2024,UK-07,Active,TRUE,2
546606873889,Low,Health,5000,21-05-2025,HP-08,Active,FALSE,4
646616973899,Medium,Education,3000,29-06-2024,JK-09,Active,TRUE,0
746627073809,Low,Pension,2000,07-07-2025,GA-10,Inactive,TRUE,5
846637173819,Low,Health,5000,15-08-2024,MN-11,Active,TRUE,1
946647273829,Medium,Education,3000,23-09-2025,ML-12,Active,FALSE,3
156667483950,Low,Pension,2000,01-10-2024,NL-13,Active,TRUE,2
256677583960,Low,Health,5000,09-11-2025,MZ-14,Inactive,TRUE,4
356687683970,Medium,Education,3000,17-12-2024,SK-15,Active,TRUE,0
456697783980,Low,Pension,2000,25-01-2025,TR-16,Active,FALSE,5
556707883990,Low,Health,5000,02-02-2024,AR-17,Active,TRUE,1
656717983900,Medium,Education,3000,10-03-2025,MP-19,Inactive,TRUE,3
756728083910,Low,Pension,2000,18-04-2024,GJ-21,Active,TRUE,2
856738183920,Low,Health,5000,26-05-2025,RJ-22,Active,FALSE,4
956748283930,Medium,Education,3000,04-06-2024,UP-23,Active,TRUE,0
166768493051,Low,Pension,2000,12-07-2025,MH-24,Inactive,TRUE,5
266778593061,Low,Health,5000,20-08-2024,DL-25,Active,TRUE,1
366788693071,Medium,Education,3000,28-09-2025,KA-26,Active,FALSE,3
466798793081,Low,Pension,2000,06-10-2024,TN-27,Active,TRUE,2
566808893091,Low,Health,5000,14-11-2025,WB-28,Inactive,TRUE,4
666818993001,Medium,Education,3000,22-12-2024,AP-29,Active,TRUE,0
766829093011,Low,Pension,2000,30-01-2025,TS-30,Active,FALSE,5
866839193021,Low,Health,5000,07-02-2024,HR-01,Active,TRUE,1
966849293031,Medium,Education,3000,15-03-2025,PB-02,Inactive,TRUE,3
176869503152,Low,Pension,2000,23-04-2024,BR-03,Active,TRUE,2
276879603162,Low,Health,5000,01-05-2025,OR-04,Active,FALSE,4
376889703172,Medium,Education,3000,09-06-2024,JH-05,Active,TRUE,0
476899803182,Low,Pension,2000,17-07-2025,AS-06,Inactive,TRUE,5
576909903192,Low,Health,5000,25-08-2024,CG-07,Active,TRUE,1
676919903102,Medium,Education,3000,02-09-2025,UK-08,Active,FALSE,3
776930003112,Low,Pension,2000,10-10-2024,HP-09,Active,TRUE,2
876940103122,Low,Health,5000,18-11-2025,JK-10,Inactive,TRUE,4
976950203132,Medium,Education,3000,26-12-2024,GA-11,Active,TRUE,0
186970413243,Low,Pension,2000,03-01-2025,MN-12,Active,FALSE,5
286980513253,Low,Health,5000,11-02-2024,ML-13,Active,TRUE,1
386990613263,Medium,Education,3000,19-03-2025,NL-14,Inactive,TRUE,3
487000713273,Low,Pension,2000,27-04-2024,MZ-15,Active,TRUE,2
587010813283,Low,Health,5000,05-05-2025,SK-16,Active,FALSE,4
687020913293,Medium,Education,3000,13-06-2024,TR-17,Active,TRUE,0
787031013203,Low,Pension,2000,21-07-2025,AR-18,Inactive,TRUE,5
887041113213,Low,Health,5000,29-08-2024,MP-20,Active,TRUE,1
987051213223,Medium,Education,3000,06-09-2025,GJ-22,Active,FALSE,3
197071423344,Low,Pension,2000,14-10-2024,RJ-23,Active,TRUE,2
297081523354,Low,Health,5000,22-11-2025,UP-24,Inactive,TRUE,4
397091623364,Medium,Education,3000,30-12-2024,MH-25,Active,TRUE,0
497101723374,Low,Pension,2000,07-01-2025,DL-26,Active,FALSE,5
597111823384,Low,Health,5000,15-02-2024,KA-27,Active,TRUE,1
697121923394,Medium,Education,3000,23-03-2025,TN-28,Inactive,TRUE,3
797132023304,Low,Pension,2000,01-04-2024,WB-29,Active,TRUE,2
897142123314,Low,Health,5000,09-05-2025,AP-30,Active,FALSE,4
997152223324,Medium,Education,3000,17-06-2024,TS-01,Active,TRUE,0
107172433445,Low,Pension,2000,25-07-2025,HR-02,Inactive,TRUE,5
207182533455,Low,Health,5000,02-08-2024,PB-03,Active,TRUE,1
307192633465,Medium,Education,3000,10-09-2025,BR-04,Active,FALSE,3
407202733475,Low,Pension,2000,18-10-2024,OR-05,Active,TRUE,2
507212833485,Low,Health,5000,26-11-2025,JH-06,Inactive,TRUE,4
607222933495,Medium,Education,3000,04-12-2024,AS-07,Active,TRUE,0
707233033405,Low,Pension,2000,12-01-2025,CG-08,Active,FALSE,5
807243133415,Low,Health,5000,20-02-2024,UK-09,Active,TRUE,1
907253233425,Medium,Education,3000,28-03-2025,HP-10,Inactive,TRUE,3
117273443546,Low,Pension,2000,06-04-2024,JK-11,Active,TRUE,2
217283543556,Low,Health,5000,14-05-2025,GA-12,Active,FALSE,4
317293643566,Medium,Education,3000,22-06-2024,MN-13,Active,TRUE,0
417303743576,Low,Pension,2000,30-07-2025,ML-14,Inactive,TRUE,5
517313843586,Low,Health,5000,07-08-2024,NL-15,Active,TRUE,1
617323943596,Medium,Education,3000,15-09-2025,MZ-16,Active,FALSE,3
717334043506,Low,Pension,2000,23-10-2024,SK-17,Active,TRUE,2
817344143516,Low,Health,5000,01-11-2025,TR-18,Inactive,TRUE,4
917354243526,Medium,Education,3000,09-12-2024,AR-19,Active,TRUE,0
127374453647,Low,Pension,2000,17-01-2025,MP-21,Active,FALSE,5
227384553657,Low,Health,5000,25-02-2024,GJ-23,Active,TRUE,1
327394653667,Medium,Education,3000,05-03-2025,RJ-24,Inactive,TRUE,3
427404753677,Low,Pension,2000,13-04-2024,UP-25,Active,TRUE,2
527414853687,Low,Health,5000,21-05-2025,MH-26,Active,FALSE,4
627424953697,Medium,Education,3000,29-06-2024,DL-27,Active,TRUE,0
727435053607,Low,Pension,2000,07-07-2025,KA-28,Inactive,TRUE,5
827445153617,Low,Health,5000,15-08-2024,TN-29,Active,TRUE,1
927455253627,Medium,Education,3000,23-09-2025,WB-30,Active,FALSE,3
137475463748,Low,Pension,2000,01-10-2024,AP-01,Active,TRUE,2
237485563758,Low,Health,5000,09-11-2025,TS-02,Inactive,TRUE,4
337495663768,Medium,Education,3000,17-12-2024,HR-03,Active,TRUE,0
437505763778,Low,Pension,2000,25-01-2025,PB-04,Active,FALSE,5
537515863788,Low,Health,5000,02-02-2024,BR-05,Active,TRUE,1
637525963798,Medium,Education,3000,10-03-2025,OR-06,Inactive,TRUE,3
737536063708,Low,Pension,2000,18-04-2024,JH-07,Active,TRUE,2
837546163718,Low,Health,5000,26-05-2025,AS-08,Active,FALSE,4
937556263728,Medium,Education,3000,04-06-2024,CG-09,Active,TRUE,0
147576473849,Low,Pension,2000,12-07-2025,UK-10,Inactive,TRUE,5
247586573859,Low,Health,5000,20-08-2024,HP-11,Active,TRUE,1
347596673869,Medium,Education,3000,28-09-2025,JK-12,Active,FALSE,3
447606773879,Low,Pension,2000,06-10-2024,GA-13,Active,TRUE,2
547616873889,Low,Health,5000,14-11-2025,MN-14,Inactive,TRUE,4
647626973899,Medium,Education,3000,22-12-2024,ML-15,Active,TRUE,0
747637073809,Low,Pension,2000,30-01-2025,NL-16,Active,FALSE,5
847647173819,Low,Health,5000,07-02-2024,MZ-17,Active,TRUE,1
947657273829,Medium,Education,3000,15-03-2025,SK-18,Inactive,TRUE,3
157677483950,Low,Pension,2000,23-04-2024,TR-19,Active,TRUE,2
257687583960,Low,Health,5000,01-05-2025,AR-20,Active,FALSE,4
357697683970,Medium,Education,3000,09-06-2024,MP-22,Active,TRUE,0
457707783980,Low,Pension,2000,17-07-2025,GJ-24,Inactive,TRUE,5
557717883990,Low,Health,5000,25-08-2024,RJ-25,Active,TRUE,1
657727983900,Medium,Education,3000,02-09-2025,UP-26,Active,FALSE,3
757738083910,Low,Pension,2000,10-10-2024,MH-27,Active,TRUE,2
857748183920,Low,Health,5000,18-11-2025,DL-28,Inactive,TRUE,4
957758283930,Medium,Education,3000,26-12-2024,KA-29,Active,TRUE,0
167778493051,Low,Pension,2000,03-01-2025,TN-30,Active,FALSE,5
267788593061,Low,Health,5000,11-02-2024,WB-01,Active,TRUE,1
367798693071,Medium,Education,3000,19-03-2025,AP-02,Inactive,TRUE,3
467808793081,Low,Pension,2000,27-04-2024,TS-03,Active,TRUE,2
567818893091,Low,Health,5000,05-05-2025,HR-04,Active,FALSE,4
667828993001,Medium,Education,3000,13-06-2024,PB-05,Active,TRUE,0
767839093011,Low,Pension,2000,21-07-2025,BR-06,Inactive,TRUE,5
867849193021,Low,Health,5000,29-08-2024,OR-07,Active,TRUE,1
967859293031,Medium,Education,3000,06-09-2025,JH-08,Active,FALSE,3
177879503152,Low,Pension,2000,14-10-2024,AS-09,Active,TRUE,2
277889603162,Low,Health,5000,22-11-2025,CG-10,Inactive,TRUE,4
377899703172,Medium,Education,3000,30-12-2024,UK-11,Active,TRUE,0
477909803182,Low,Pension,2000,07-01-2025,HP-12,Active,FALSE,5
577919903192,Low,Health,5000,15-02-2024,JK-13,Active,TRUE,1
677929903102,Medium,Education,3000,23-03-2025,GA-14,Inactive,TRUE,3
777940003112,Low,Pension,2000,01-04-2024,MN-15,Active,TRUE,2
877950103122,Low,Health,5000,09-05-2025,ML-16,Active,FALSE,4
977960203132,Medium,Education,3000,17-06-2024,NL-17,Active,TRUE,0
187980413243,Low,Pension,2000,25-07-2025,MZ-18,Inactive,TRUE,5
287990513253,Low,Health,5000,02-08-2024,SK-19,Active,TRUE,1
388000613263,Medium,Education,3000,10-09-2025,TR-20,Active,FALSE,3
488010713273,Low,Pension,2000,18-10-2024,AR-21,Active,TRUE,2
588020813283,Low,Health,5000,26-11-2025,MP-23,Inactive,TRUE,4
688030913293,Medium,Education,3000,04-12-2024,GJ-25,Active,TRUE,0
788041013203,Low,Pension,2000,12-01-2025,RJ-26,Active,FALSE,5
888051113213,Low,Health,5000,20-02-2024,UP-27,Active,TRUE,1
988061213223,Medium,Education,3000,28-03-2025,MH-28,Inactive,TRUE,3
198081423344,Low,Pension,2000,06-04-2024,DL-29,Active,TRUE,2
298091523354,Low,Health,5000,14-05-2025,KA-30,Active,FALSE,4
398101623364,Medium,Education,3000,22-06-2024,TN-01,Active,TRUE,0
498111723374,Low,Pension,2000,30-07-2025,WB-02,Inactive,TRUE,5
598121823384,Low,Health,5000,07-08-2024,AP-03,Active,TRUE,1
698131923394,Medium,Education,3000,15-09-2025,TS-04,Active,FALSE,3
798142023304,Low,Pension,2000,23-10-2024,HR-05,Active,TRUE,2
898152123314,Low,Health,5000,01-11-2025,PB-06,Inactive,TRUE,4
998162223324,Medium,Education,3000,09-12-2024,BR-07,Active,TRUE,0
108182433445,Low,Pension,2000,17-01-2025,OR-08,Active,FALSE,5
208192533455,Low,Health,5000,25-02-2024,JH-09,Active,TRUE,1
308202633465,Medium,Education,3000,05-03-2025,AS-10,Inactive,TRUE,3
408212733475,Low,Pension,2000,13-04-2024,CG-11,Active,TRUE,2
508222833485,Low,Health,5000,21-05-2025,UK-12,Active,FALSE,4
608232933495,Medium,Education,3000,29-06-2024,HP-13,Active,TRUE,0
708243033405,Low,Pension,2000,07-07-2025,JK-14,Inactive,TRUE,5
808253133415,Low,Health,5000,15-08-2024,GA-15,Active,TRUE,1
908263233425,Medium,Education,3000,23-09-2025,MN-16,Active,FALSE,3
118283443546,Low,Pension,2000,01-10-2024,ML-17,Active,TRUE,2
218293543556,Low,Health,5000,09-11-2025,NL-18,Inactive,TRUE,4
318303643566,Medium,Education,3000,17-12-2024,MZ-19,Active,TRUE,0
418313743576,Low,Pension,2000,25-01-2025,SK-20,Active,FALSE,5
518323843586,Low,Health,5000,02-02-2024,TR-21,Active,TRUE,1
618333943596,Medium,Education,3000,10-03-2025,AR-22,Inactive,TRUE,3
718344043506,Low,Pension,2000,18-04-2024,MP-24,Active,TRUE,2
818354143516,Low,Health,5000,26-05-2025,GJ-26,Active,FALSE,4
918364243526,Medium,Education,3000,04-06-2024,RJ-27,Active,TRUE,0
128384453647,Low,Pension,2000,12-07-2025,UP-28,Inactive,TRUE,5
228394553657,Low,Health,5000,20-08-2024,MH-29,Active,TRUE,1
328404653667,Medium,Education,3000,28-09-2025,DL-30,Active,FALSE,3
428414753677,Low,Pension,2000,06-10-2024,KA-01,Active,TRUE,2
528424853687,Low,Health,5000,14-11-2025,TN-02,Inactive,TRUE,4
628434953697,Medium,Education,3000,22-12-2024,WB-03,Active,TRUE,0
728445053607,Low,Pension,2000,30-01-2025,AP-04,Active,FALSE,5
828455153617,Low,Health,5000,07-02-2024,TS-05,Active,TRUE,1
928465253627,Medium,Education,3000,15-03-2025,HR-06,Inactive,TRUE,3
138485463748,Low,Pension,2000,23-04-2024,PB-07,Active,TRUE,2
238495563758,Low,Health,5000,01-05-2025,BR-08,Active,FALSE,4
338505663768,Medium,Education,3000,09-06-2024,OR-09,Active,TRUE,0
438515763778,Low,Pension,2000,17-07-2025,JH-10,Inactive,TRUE,5
538525863788,Low,Health,5000,25-08-2024,AS-11,Active,TRUE,1
638535963798,Medium,Education,3000,02-09-2025,CG-12,Active,FALSE,3
738546063708,Low,Pension,2000,10-10-2024,UK-13,Active,TRUE,2
838556163718,Low,Health,5000,18-11-2025,HP-14,Inactive,TRUE,4
938566263728,Medium,Education,3000,26-12-2024,JK-15,Active,TRUE,0
148586473849,Low,Pension,2000,03-01-2025,GA-16,Active,FALSE,5
248596573859,Low,Health,5000,11-02-2024,MN-17,Active,TRUE,1
348606673869,Medium,Education,3000,19-03-2025,ML-18,Inactive,TRUE,3
448616773879,Low,Pension,2000,27-04-2024,NL-19,Active,TRUE,2
548626873889,Low,Health,5000,05-05-2025,MZ-20,Active,FALSE,4
648636973899,Medium,Education,3000,13-06-2024,SK-21,Active,TRUE,0
748647073809,Low,Pension,2000,21-07-2025,TR-22,Inactive,TRUE,5
848657173819,Low,Health,5000,29-08-2024,AR-23,Active,TRUE,1
948667273829,Medium,Education,3000,06-09-2025,MP-25,Active,FALSE,3
158687483950,Low,Pension,2000,14-10-2024,GJ-27,Active,TRUE,2
258697583960,Low,Health,5000,22-11-2025,RJ-28,Inactive,TRUE,4
358707683970,Medium,Education,3000,30-12-2024,UP-29,Active,TRUE,0
458717783980,Low,Pension,2000,07-01-2025,MH-30,Active,FALSE,5
558727883990,Low,Health,5000,15-02-2024,DL-01,Active,TRUE,1
658737983900,Medium,Education,3000,23-03-2025,KA-02,Inactive,TRUE,3
758748083910,Low,Pension,2000,01-04-2024,TN-03,Active,TRUE,2
858758183920,Low,Health,5000,09-05-2025,WB-04,Active,FALSE,4
958768283930,Medium,Education,3000,17-06-2024,AP-05,Active,TRUE,0
168788493051,Low,Pension,2000,25-07-2025,TS-06,Inactive,TRUE,5
268798593061,Low,Health,5000,02-08-2024,HR-07,Active,TRUE,1
368808693071,Medium,Education,3000,10-09-2025,PB-08,Active,FALSE,3
468818793081,Low,Pension,2000,18-10-2024,BR-09,Active,TRUE,2
568828893091,Low,Health,5000,26-11-2025,OR-10,Inactive,TRUE,4
668838993001,Medium,Education,3000,04-12-2024,JH-11,Active,TRUE,0
768849093011,Low,Pension,2000,12-01-2025,AS-12,Active,FALSE,5
868859193021,Low,Health,5000,20-02-2024,CG-13,Active,TRUE,1
968869293031,Medium,Education,3000,28-03-2025,UK-14,Inactive,TRUE,3
178889503152,Low,Pension,2000,06-04-2024,HP-15,Active,TRUE,2
278899603162,Low,Health,5000,14-05-2025,JK-16,Active,FALSE,4
378909703172,Medium,Education,3000,22-06-2024,GA-17,Active,TRUE,0
478919803182,Low,Pension,2000,30-07-2025,MN-18,Inactive,TRUE,5
578929903192,Low,Health,5000,07-08-2024,ML-19,Active,TRUE,1
678939903102,Medium,Education,3000,15-09-2025,NL-20,Active,FALSE,3
778950003112,Low,Pension,2000,23-10-2024,MZ-21,Active,TRUE,2
878960103122,Low,Health,5000,01-11-2025,SK-22,Inactive,TRUE,4
978970203132,Medium,Education,3000,09-12-2024,TR-23,Active,TRUE,0
188990413243,Low,Pension,2000,17-01-2025,AR-24,Active,FALSE,5
289000513253,Low,Health,5000,25-02-2024,MP-26,Active,TRUE,1
389010613263,Medium,Education,3000,05-03-2025,GJ-28,Inactive,TRUE,3
489020713273,Low,Pension,2000,13-04-2024,RJ-29,Active,TRUE,2
589030813283,Low,Health,5000,21-05-2025,UP-30,Active,FALSE,4
689040913293,Medium,Education,3000,29-06-2024,MH-01,Active,TRUE,0
789051013203,Low,Pension,2000,07-07-2025,DL-02,Inactive,TRUE,5
889061113213,Low,Health,5000,15-08-2024,KA-03,Active,TRUE,1
989071213223,Medium,Education,3000,23-09-2025,TN-04,Active,FALSE,3
199091423344,Low,Pension,2000,01-10-2024,WB-05,Active,TRUE,2
299101523354,Low,Health,5000,09-11-2025,AP-06,Inactive,TRUE,4
399111623364,Medium,Education,3000,17-12-2024,TS-07,Active,TRUE,0
499121723374,Low,Pension,2000,25-01-2025,HR-08,Active,FALSE,5
599131823384,Low,Health,5000,02-02-2024,PB-09,Active,TRUE,1
699141923394,Medium,Education,3000,10-03-2025,BR-10,Inactive,TRUE,3
799152023304,Low,Pension,2000,18-04-2024,OR-11,Active,TRUE,2
899162123314,Low,Health,5000,26-05-2025,JH-12,Active,FALSE,4
999172223324,Medium,Education,3000,04-06-2024,AS-13,Active,TRUE,0
109192433445,Low,Pension,2000,12-07-2025,CG-14,Inactive,TRUE,5
209202533455,Low,Health,5000,20-08-2024,UK-15,Active,TRUE,1
309212633465,Medium,Education,3000,28-09-2025,HP-16,Active,FALSE,3
409222733475,Low,Pension,2000,06-10-2024,JK-17,Active,TRUE,2
509232833485,Low,Health,5000,14-11-2025,GA-18,Inactive,TRUE,4
609242933495,Medium,Education,3000,22-12-2024,MN-19,Active,TRUE,0
709253033405,Low,Pension,2000,30-01-2025,ML-20,Active,FALSE,5
809263133415,Low,Health,5000,07-02-2024,NL-21,Active,TRUE,1
909273233425,Medium,Education,3000,15-03-2025,MZ-22,Inactive,TRUE,3
119293443546,Low,Pension,2000,23-04-2024,SK-23,Active,TRUE,2
219303543556,Low,Health,5000,01-05-2025,TR-24,Active,FALSE,4
319313643566,Medium,Education,3000,09-06-2024,AR-25,Active,TRUE,0
419323743576,Low,Pension,2000,17-07-2025,MP-27,Inactive,TRUE,5
519333843586,Low,Health,5000,25-08-2024,GJ-29,Active,TRUE,1
619343943596,Medium,Education,3000,02-09-2025,RJ-30,Active,FALSE,3
719354043506,Low,Pension,2000,10-10-2024,UP-01,Active,TRUE,2
819364143516,Low,Health,5000,18-11-2025,MH-02,Inactive,TRUE,4
919374243526,Medium,Education,3000,26-12-2024,DL-03,Active,TRUE,0
129394453647,Low,Pension,2000,03-01-2025,KA-04,Active,FALSE,5
229404553657,Low,Health,5000,11-02-2024,TN-05,Active,TRUE,1
329414653667,Medium,Education,3000,19-03-2025,WB-06,Inactive,TRUE,3
429424753677,Low,Pension,2000,27-04-2024,AP-07,Active,TRUE,2
529434853687,Low,Health,5000,05-05-2025,TS-08,Active,FALSE,4
629444953697,Medium,Education,3000,13-06-2024,HR-09,Active,TRUE,0
729455053607,Low,Pension,2000,21-07-2025,PB-10,Inactive,TRUE,5
829465153617,Low,Health,5000,29-08-2024,BR-11,Active,TRUE,1
929475253627,Medium,Education,3000,06-09-2025,OR-12,Active,FALSE,3
139495463748,Low,Pension,2000,14-10-2024,JH-13,Active,TRUE,2
239505563758,Low,Health,5000,22-11-2025,AS-14,Inactive,TRUE,4
339515663768,Medium,Education,3000,30-12-2024,CG-15,Active,TRUE,0
439525763778,Low,Pension,2000,07-01-2025,UK-16,Active,FALSE,5
539535863788,Low,Health,5000,15-02-2024,HP-17,Active,TRUE,1
639545963798,Medium,Education,3000,23-03-2025,JK-18,Inactive,TRUE,3
739556063708,Low,Pension,2000,01-04-2024,GA-19,Active,TRUE,2
839566163718,Low,Health,5000,09-05-2025,MN-20,Active,FALSE,4
939576263728,Medium,Education,3000,17-06-2024,ML-21,Active,TRUE,0
149596473849,Low,Pension,2000,25-07-2025,NL-22,Inactive,TRUE,5
249606573859,Low,Health,5000,02-08-2024,MZ-23,Active,TRUE,1
349616673869,Medium,Education,3000,10-09-2025,SK-24,Active,FALSE,3
449626773879,Low,Pension,2000,18-10-2024,TR-25,Active,TRUE,2
549636873889,Low,Health,5000,26-11-2025,AR-26,Inactive,TRUE,4
649646973899,Medium,Education,3000,04-12-2024,MP-28,Active,TRUE,0
749657073809,Low,Pension,2000,12-01-2025,GJ-30,Active,FALSE,5
849667173819,Low,Health,5000,20-02-2024,RJ-01,Active,TRUE,1
949677273829,Medium,Education,3000,28-03-2025,UP-02,Inactive,TRUE,3
159697483950,Low,Pension,2000,06-04-2024,MH-03,Active,TRUE,2
259707583960,Low,Health,5000,14-05-2025,DL-04,Active,FALSE,4
359717683970,Medium,Education,3000,22-06-2024,KA-05,Active,TRUE,0
459727783980,Low,Pension,2000,30-07-2025,TN-06,Inactive,TRUE,5
559737883990,Low,Health,5000,07-08-2024,WB-07,Active,TRUE,1
659747983900,Medium,Education,3000,15-09-2025,AP-08,Active,FALSE,3
759758083910,Low,Pension,2000,23-10-2024,TS-09,Active,TRUE,2
859768183920,Low,Health,5000,01-11-2025,HR-10,Inactive,TRUE,4
959778283930,Medium,Education,3000,09-12-2024,PB-11,Active,TRUE,0
169798493051,Low,Pension,2000,17-01-2025,BR-12,Active,FALSE,5
269808593061,Low,Health,5000,25-02-2024,OR-13,Active,TRUE,1
369818693071,Medium,Education,3000,05-03-2025,JH-14,Inactive,TRUE,3
469828793081,Low,Pension,2000,13-04-2024,AS-15,Active,TRUE,2
569838893091,Low,Health,5000,21-05-2025,CG-16,Active,FALSE,4
669848993001,Medium,Education,3000,29-06-2024,UK-17,Active,TRUE,0
769859093011,Low,Pension,2000,07-07-2025,HP-18,Inactive,TRUE,5
869869193021,Low,Health,5000,15-08-2024,JK-19,Active,TRUE,1
969879293031,Medium,Education,3000,23-09-2025,GA-20,Active,FALSE,3
179899503152,Low,Pension,2000,01-10-2024,MN-21,Active,TRUE,2
279909603162,Low,Health,5000,09-11-2025,ML-22,Inactive,TRUE,4
379919703172,Medium,Education,3000,17-12-2024,NL-23,Active,TRUE,0
479929803182,Low,Pension,2000,25-01-2025,MZ-24,Active,FALSE,5
579939903192,Low,Health,5000,02-02-2024,SK-25,Active,TRUE,1
679949903102,Medium,Education,3000,10-03-2025,TR-26,Inactive,TRUE,3
779960003112,Low,Pension,2000,18-04-2024,AR-27,Active,TRUE,2
879970103122,Low,Health,5000,26-05-2025,MP-29,Active,FALSE,4
979980203132,Medium,Education,3000,04-06-2024,GJ-01,Active,TRUE,0
190000413243,Low,Pension,2000,12-07-2025,RJ-02,Inactive,TRUE,5
290010513253,Low,Health,5000,20-08-2024,UP-03,Active,TRUE,1
390020613263,Medium,Education,3000,28-09-2025,MH-04,Active,FALSE,3
490030713273,Low,Pension,2000,06-10-2024,DL-05,Active,TRUE,2
590040813283,Low,Health,5000,14-11-2025,KA-06,Inactive,TRUE,4
690050913293,Medium,Education,3000,22-12-2024,TN-07,Active,TRUE,0
790061013203,Low,Pension,2000,30-01-2025,WB-08,Active,FALSE,5
890071113213,Low,Health,5000,07-02-2024,AP-09,Active,TRUE,1
990081213223,Medium,Education,3000,15-03-2025,TS-10,Inactive,TRUE,3
100101423344,Low,Pension,2000,23-04-2024,HR-11,Active,TRUE,2
200111523354,Low,Health,5000,01-05-2025,PB-12,Active,FALSE,4
300121623364,Medium,Education,3000,09-06-2024,BR-13,Active,TRUE,0
400131723374,Low,Pension,2000,17-07-2025,OR-14,Inactive,TRUE,5
500141823384,Low,Health,5000,25-08-2024,JH-15,Active,TRUE,1
600151923394,Medium,Education,3000,02-09-2025,AS-16,Active,FALSE,3
700162023304,Low,Pension,2000,10-10-2024,CG-17,Active,TRUE,2
800172123314,Low,Health,5000,18-11-2025,UK-18,Inactive,TRUE,4
900182223324,Medium,Education,3000,26-12-2024,HP-19,Active,TRUE,0
110202433445,Low,Pension,2000,03-01-2025,JK-20,Active,FALSE,5
210212533455,Low,Health,5000,11-02-2024,GA-21,Active,TRUE,1
310222633465,Medium,Education,3000,19-03-2025,MN-22,Inactive,TRUE,3
410232733475,Low,Pension,2000,27-04-2024,ML-23,Active,TRUE,2
510242833485,Low,Health,5000,05-05-2025,NL-24,Active,FALSE,4
610252933495,Medium,Education,3000,13-06-2024,MZ-25,Active,TRUE,0
710263033405,Low,Pension,2000,21-07-2025,SK-26,Inactive,TRUE,5
810273133415,Low,Health,5000,29-08-2024,TR-27,Active,TRUE,1
910283233425,Medium,Education,3000,06-09-2025,AR-28,Active,FALSE,3
120303443546,Low,Pension,2000,14-10-2024,MP-30,Active,TRUE,2
220313543556,Low,Health,5000,22-11-2025,GJ-02,Inactive,TRUE,4
320323643566,Medium,Education,3000,30-12-2024,RJ-03,Active,TRUE,0
420333743576,Low,Pension,2000,07-01-2025,UP-04,Active,FALSE,5
520343843586,Low,Health,5000,15-02-2024,MH-05,Active,TRUE,1
620353943596,Medium,Education,3000,23-03-2025,DL-06,Inactive,TRUE,3
720364043506,Low,Pension,2000,01-04-2024,KA-07,Active,TRUE,2
820374143516,Low,Health,5000,09-05-2025,TN-08,Active,FALSE,4
920384243526,Medium,Education,3000,17-06-2024,WB-09,Active,TRUE,0
130404453647,Low,Pension,2000,25-07-2025,AP-10,Inactive,TRUE,5
230414553657,Low,Health,5000,02-08-2024,TS-11,Active,TRUE,1
330424653667,Medium,Education,3000,10-09-2025,HR-12,Active,FALSE,3
430434753677,Low,Pension,2000,18-10-2024,PB-13,Active,TRUE,2
530444853687,Low,Health,5000,26-11-2025,BR-14,Inactive,TRUE,4
630454953697,Medium,Education,3000,04-12-2024,OR-15,Active,TRUE,0
730465053607,Low,Pension,2000,12-01-2025,JH-16,Active,FALSE,5
830475153617,Low,Health,5000,20-02-2024,AS-17,Active,TRUE,1
930485253627,Medium,Education,3000,28-03-2025,CG-18,Inactive,TRUE,3
140505463748,Low,Pension,2000,06-04-2024,UK-19,Active,TRUE,2
240515563758,Low,Health,5000,14-05-2025,HP-20,Active,FALSE,4
340525663768,Medium,Education,3000,22-06-2024,JK-21,Active,TRUE,0
440535763778,Low,Pension,2000,30-07-2025,GA-22,Inactive,TRUE,5
540545863788,Low,Health,5000,07-08-2024,MN-23,Active,TRUE,1
640555963798,Medium,Education,3000,15-09-2025,ML-24,Active,FALSE,3
740566063708,Low,Pension,2000,23-10-2024,NL-25,Active,TRUE,2
840576163718,Low,Health,5000,01-11-2025,MZ-26,Inactive,TRUE,4
940586263728,Medium,Education,3000,09-12-2024,SK-27,Active,TRUE,0
150606473849,Low,Pension,2000,17-01-2025,TR-28,Active,FALSE,5
250616573859,Low,Health,5000,25-02-2024,AR-29,Active,TRUE,1
350626673869,Medium,Education,3000,05-03-2025,MP-01,Inactive,TRUE,3
450636773879,Low,Pension,2000,13-04-2024,GJ-03,Active,TRUE,2
550646873889,Low,Health,5000,21-05-2025,RJ-04,Active,FALSE,4
650656973899,Medium,Education,3000,29-06-2024,UP-05,Active,TRUE,0
750667073809,Low,Pension,2000,07-07-2025,MH-06,Inactive,TRUE,5
850677173819,Low,Health,5000,15-08-2024,DL-07,Active,TRUE,1
950687273829,Medium,Education,3000,23-09-2025,KA-08,Active,FALSE,3
160707483950,Low,Pension,2000,01-10-2024,TN-09,Active,TRUE,2
260717583960,Low,Health,5000,09-11-2025,WB-10,Inactive,TRUE,4
360727683970,Medium,Education,3000,17-12-2024,AP-11,Active,TRUE,0
460737783980,Low,Pension,2000,25-01-2025,TS-12,Active,FALSE,5
560747883990,Low,Health,5000,02-02-2024,HR-13,Active,TRUE,1
660757983900,Medium,Education,3000,10-03-2025,PB-14,Inactive,TRUE,3
760768083910,Low,Pension,2000,18-04-2024,BR-15,Active,TRUE,2
860778183920,Low,Health,5000,26-05-2025,OR-16,Active,FALSE,4
960788283930,Medium,Education,3000,04-06-2024,JH-17,Active,TRUE,0
170808493051,Low,Pension,2000,12-07-2025,AS-18,Inactive,TRUE,5
270818593061,Low,Health,5000,20-08-2024,CG-19,Active,TRUE,1
370828693071,Medium,Education,3000,28-09-2025,UK-20,Active,FALSE,3
470838793081,Low,Pension,2000,06-10-2024,HP-21,Active,TRUE,2
570848893091,Low,Health,5000,14-11-2025,JK-22,Inactive,TRUE,4
670858993001,Medium,Education,3000,22-12-2024,GA-23,Active,TRUE,0
770869093011,Low,Pension,2000,30-01-2025,MN-24,Active,FALSE,5
870879193021,Low,Health,5000,07-02-2024,ML-25,Active,TRUE,1
970889293031,Medium,Education,3000,15-03-2025,NL-26,Inactive,TRUE,3
180909503152,Low,Pension,2000,23-04-2024,MZ-27,Active,TRUE,2
280919603162,Low,Health,5000,01-05-2025,SK-28,Active,FALSE,4
380929703172,Medium,Education,3000,09-06-2024,TR-29,Active,TRUE,0
480939803182,Low,Pension,2000,17-07-2025,AR-30,Inactive,TRUE,5
580949903192,Low,Health,5000,25-08-2024,MP-02,Active,TRUE,1
680959903102,Medium,Education,3000,02-09-2025,GJ-04,Active,FALSE,3
780970003112,Low,Pension,2000,10-10-2024,RJ-05,Active,TRUE,2
880980103122,Low,Health,5000,18-11-2025,UP-06,Inactive,TRUE,4
980990203132,Medium,Education,3000,26-12-2024,MH-07,Active,TRUE,0
191010413243,Low,Pension,2000,03-01-2025,DL-08,Active,FALSE,5
291020513253,Low,Health,5000,11-02-2024,KA-09,Active,TRUE,1
391030613263,Medium,Education,3000,19-03-2025,TN-10,Inactive,TRUE,3
491040713273,Low,Pension,2000,27-04-2024,WB-11,Active,TRUE,2
591050813283,Low,Health,5000,05-05-2025,AP-12,Active,FALSE,4
691060913293,Medium,Education,3000,13-06-2024,TS-13,Active,TRUE,0
791071013203,Low,Pension,2000,21-07-2025,HR-14,Inactive,TRUE,5
891081113213,Low,Health,5000,29-08-2024,PB-15,Active,TRUE,1
991091213223,Medium,Education,3000,06-09-2025,BR-16,Active,FALSE,3
101111423344,Low,Pension,2000,14-10-2024,OR-17,Active,TRUE,2
201121523354,Low,Health,5000,22-11-2025,JH-18,Inactive,TRUE,4
301131623364,Medium,Education,3000,30-12-2024,AS-19,Active,TRUE,0
401141723374,Low,Pension,2000,07-01-2025,CG-20,Active,FALSE,5
501151823384,Low,Health,5000,15-02-2024,UK-21,Active,TRUE,1
601161923394,Medium,Education,3000,23-03-2025,HP-22,Inactive,TRUE,3
701172023304,Low,Pension,2000,01-04-2024,JK-23,Active,TRUE,2
801182123314,Low,Health,5000,09-05-2025,GA-24,Active,FALSE,4
901192223324,Medium,Education,3000,17-06-2024,MN-25,Active,TRUE,0
111212433445,Low,Pension,2000,25-07-2025,ML-26,Inactive,TRUE,5
211222533455,Low,Health,5000,02-08-2024,NL-27,Active,TRUE,1
311232633465,Medium,Education,3000,10-09-2025,MZ-28,Active,FALSE,3
411242733475,Low,Pension,2000,18-10-2024,SK-29,Active,TRUE,2
511252833485,Low,Health,5000,26-11-2025,TR-30,Inactive,TRUE,4
611262933495,Medium,Education,3000,04-12-2024,AR-01,Active,TRUE,0
711273033405,Low,Pension,2000,12-01-2025,MP-03,Active,FALSE,5
811283133415,Low,Health,5000,20-02-2024,GJ-05,Active,TRUE,1
911293233425,Medium,Education,3000,28-03-2025,RJ-06,Inactive,TRUE,3
121313443546,Low,Pension,2000,06-04-2024,UP-07,Active,TRUE,2
221323543556,Low,Health,5000,14-05-2025,MH-08,Active,FALSE,4
321333643566,Medium,Education,3000,22-06-2024,DL-09,Active,TRUE,0
421343743576,Low,Pension,2000,30-07-2025,KA-10,Inactive,TRUE,5
521353843586,Low,Health,5000,07-08-2024,TN-11,Active,TRUE,1
621363943596,Medium,Education,3000,15-09-2025,WB-12,Active,FALSE,3
721374043506,Low,Pension,2000,23-10-2024,AP-13,Active,TRUE,2
821384143516,Low,Health,5000,01-11-2025,TS-14,Inactive,TRUE,4
921394243526,Medium,Education,3000,09-12-2024,HR-15,Active,TRUE,0
131414453647,Low,Pension,2000,17-01-2025,PB-16,Active,FALSE,5
231424553657,Low,Health,5000,25-02-2024,BR-17,Active,TRUE,1
331434653667,Medium,Education,3000,05-03-2025,OR-18,Inactive,TRUE,3
431444753677,Low,Pension,2000,13-04-2024,JH-19,Active,TRUE,2
531454853687,Low,Health,5000,21-05-2025,AS-20,Active,FALSE,4
631464953697,Medium,Education,3000,29-06-2024,CG-21,Active,TRUE,0
731475053607,Low,Pension,2000,07-07-2025,UK-22,Inactive,TRUE,5
831485153617,Low,Health,5000,15-08-2024,HP-23,Active,TRUE,1
931495253627,Medium,Education,3000,23-09-2025,JK-24,Active,FALSE,3
141515463748,Low,Pension,2000,01-10-2024,GA-25,Active,TRUE,2
241525563758,Low,Health,5000,09-11-2025,MN-26,Inactive,TRUE,4
341535663768,Medium,Education,3000,17-12-2024,ML-27,Active,TRUE,0
441545763778,Low,Pension,2000,25-01-2025,NL-28,Active,FALSE,5
541555863788,Low,Health,5000,02-02-2024,MZ-29,Active,TRUE,1
641565963798,Medium,Education,3000,10-03-2025,SK-30,Inactive,TRUE,3
741576063708,Low,Pension,2000,18-04-2024,TR-01,Active,TRUE,2
841586163718,Low,Health,5000,26-05-2025,AR-02,Active,FALSE,4
941596263728,Medium,Education,3000,04-06-2024,MP-04,Active,TRUE,0
151616473849,Low,Pension,2000,12-07-2025,GJ-06,Inactive,TRUE,5
251626573859,Low,Health,5000,20-08-2024,RJ-07,Active,TRUE,1
351636673869,Medium,Education,3000,28-09-2025,UP-08,Active,FALSE,3
451646773879,Low,Pension,2000,06-10-2024,MH-09,Active,TRUE,2
551656873889,Low,Health,5000,14-11-2025,DL-10,Inactive,TRUE,4
651666973899,Medium,Education,3000,22-12-2024,KA-11,Active,TRUE,0
751677073809,Low,Pension,2000,30-01-2025,TN-12,Active,FALSE,5
851687173819,Low,Health,5000,07-02-2024,WB-13,Active,TRUE,1
951697273829,Medium,Education,3000,15-03-2025,AP-14,Inactive,TRUE,3
161717483950,Low,Pension,2000,23-04-2024,TS-15,Active,TRUE,2
261727583960,Low,Health,5000,01-05-2025,HR-16,Active,FALSE,4
361737683970,Medium,Education,3000,09-06-2024,PB-17,Active,TRUE,0
461747783980,Low,Pension,2000,17-07-2025,BR-18,Inactive,TRUE,5
561757883990,Low,Health,5000,25-08-2024,OR-19,Active,TRUE,1
661767983900,Medium,Education,3000,02-09-2025,JH-20,Active,FALSE,3
761778083910,Low,Pension,2000,10-10-2024,AS-21,Active,TRUE,2
861788183920,Low,Health,5000,18-11-2025,CG-22,Inactive,TRUE,4
961798283930,Medium,Education,3000,26-12-2024,UK-23,Active,TRUE,0
171818493051,Low,Pension,2000,03-01-2025,HP-24,Active,FALSE,5
271828593061,Low,Health,5000,11-02-2024,JK-25,Active,TRUE,1
371838693071,Medium,Education,3000,19-03-2025,GA-26,Inactive,TRUE,3
471848793081,Low,Pension,2000,27-04-2024,MN-27,Active,TRUE,2
571858893091,Low,Health,5000,05-05-2025,ML-28,Active,FALSE,4
671868993001,Medium,Education,3000,13-06-2024,NL-29,Active,TRUE,0
771879093011,Low,Pension,2000,21-07-2025,MZ-30,Inactive,TRUE,5
871889193021,Low,Health,5000,29-08-2024,SK-01,Active,TRUE,1
971899293031,Medium,Education,3000,06-09-2025,TR-02,Active,FALSE,3
181919503152,Low,Pension,2000,14-10-2024,AR-03,Active,TRUE,2
281929603162,Low,Health,5000,22-11-2025,MP-05,Inactive,TRUE,4
381939703172,Medium,Education,3000,30-12-2024,GJ-07,Active,TRUE,0
481949803182,Low,Pension,2000,07-01-2025,RJ-08,Active,FALSE,5
581959903192,Low,Health,5000,15-02-2024,UP-09,Active,TRUE,1
681969903102,Medium,Education,3000,23-03-2025,MH-10,Inactive,TRUE,3
781980003112,Low,Pension,2000,01-04-2024,DL-11,Active,TRUE,2
881990103122,Low,Health,5000,09-05-2025,KA-12,Active,FALSE,4
982000203132,Medium,Education,3000,17-06-2024,TN-13,Active,TRUE,0
